svm,logreg,gnb,knn,rf,gb,mlp,ada,et
0.008056816458702088,0.006599786281585693,0.0003046625852584839,0.0003018629550933838,0.005085781216621399,0.18500822722911836,0.012773692607879639,0.021514649987220764,0.003840893507003784
0.004209385812282562,0.0032656824588775633,0.0001267075538635254,0.00017273932695388794,0.002279588580131531,0.07938665002584458,0.006521649062633515,0.010089836120605468,0.0017805421352386475
0.0026866853683814714,0.0018793750464370308,8.965094421030976e-05,0.00015930132901638771,0.0012658285558670387,0.045713183286287304,0.0032533934273191734,0.005347180823104566,0.0011123324512542039
0.0018672353029251098,0.0014534705877304076,8.167505264282226e-05,0.00012416675686836243,0.0008940468728542328,0.029058647006750107,0.002326541095972061,0.0035171276330947876,0.0006786863505840302
0.0015280126333236694,0.0010863347053527831,6.915092468261719e-05,0.0001050722599029541,0.0005903216600418091,0.01846475315093994,0.0019738132953643797,0.0024740034341812133,0.00047147178649902346
0.0008915301163991292,0.0004323566953341166,6.174902121225993e-05,9.244481722513835e-05,0.00039789418379465737,0.012080811560153962,0.001083536942799886,0.0017300687233606975,0.00036235312620798747
0.0007320373920575502,0.0002678908096471458,6.219975567851395e-05,8.195862094234969e-05,0.00030180123481355535,0.007802633505470197,0.0007396343562144205,0.0012676348136348922,0.00021388104284545943
0.00046613700687885283,0.00014662817120552062,7.145956158638e-05,7.498659193515778e-05,0.00019405275583267212,0.0044039938598871235,0.00046597734093666075,0.0008131006360054016,0.00014290913939476012
0.0002460402250289917,7.859415478176541e-05,6.51672813627455e-05,6.083548069000244e-05,0.00010993129677242703,0.0020439381731881035,0.00025469018353356255,0.0004905544386969672,9.461906221177842e-05
