svm,logreg,gnb,knn,rf,gb,mlp,ada,et
2.0,32.15,-8.149999999999999,9.149999999999999,-12.7,-4.15,35.099999999999994,-40.75,-5.75
-4.149999999999999,0.0,-8.099999999999998,22.05,-8.749999999999998,8.55,-0.04999999999999716,8.35,6.85
7.400000000000002,0.0,6.45,25.3,-3.049999999999999,-11.7,0.0,-17.8,6.75
-2.099999999999998,-0.04999999999999716,-9.999999999999998,23.6,10.1,-5.499999999999998,0.0,8.8,6.85
-12.85,-2.1000000000000014,7.9,21.75,-9.999999999999998,8.8,-0.10000000000000142,-29.6,-9.649999999999999
-8.249999999999998,0.0,6.35,17.5,-13.2,9.5,0.0,6.75,-3.099999999999998
-3.5500000000000007,0.0,7.2,16.05,7.0,1.3500000000000014,0.0,10.5,-3.1999999999999993
-21.75,0.0,-9.499999999999998,3.3000000000000007,7.15,15.1,-0.10000000000000142,2.450000000000003,-10.35
-9.799999999999999,0.0,-16.9,12.35,6.5,-13.95,0.0,-18.3,14.65
