svm,logreg,gnb,knn,rf,gb,mlp,ada,et
3.222726583480835,2.6399145126342773,0.12186503410339355,0.12074518203735352,2.0343124866485596,74.00329089164734,5.1094770431518555,8.605859994888306,1.5363574028015137
3.36750864982605,2.612545967102051,0.10136604309082031,0.13819146156311035,1.8236708641052246,63.50932002067566,5.2173192501068115,8.071868896484375,1.424433708190918
3.2267091274261475,2.257129430770874,0.10767078399658203,0.19132089614868164,1.5202600955963135,54.901533126831055,3.907325506210327,6.421964168548584,1.3359112739562988
2.987576484680176,2.3255529403686523,0.13068008422851562,0.19866681098937988,1.4304749965667725,46.49383521080017,3.722465753555298,5.62740421295166,1.0858981609344482
3.056025266647339,2.1726694107055664,0.13830184936523438,0.2101445198059082,1.1806433200836182,36.92950630187988,3.9476265907287598,4.948006868362427,0.9429435729980469
2.13967227935791,1.0376560688018799,0.14819765090942383,0.22186756134033203,0.9549460411071777,28.993947744369507,2.6004886627197266,4.152164936065674,0.8696475028991699
2.0504367351531982,0.7503621578216553,0.17422151565551758,0.22956609725952148,0.8453452587127686,21.85517644882202,2.071715831756592,3.550645112991333,0.5990808010101318
1.491638422012329,0.469210147857666,0.22867059707641602,0.23995709419250488,0.6209688186645508,14.092780351638794,1.4911274909973145,2.601922035217285,0.4573092460632324
0.8857448101043701,0.28293895721435547,0.2346022129058838,0.2190077304840088,0.3957526683807373,7.358177423477173,0.9168846607208252,1.765995979309082,0.34062862396240234
